{"cameraMode":{"drawMode":0,"name":"Shaded","section":"Shading Mode"},"sceneLighting":true,"audioPlay":false,"sceneViewState":{"showFog":true,"showMaterialUpdate":false,"showSkybox":true,"showFlares":true,"showImageEffects":true,"showParticleSystems":true},"in2DMode":false,"pivot":{"x":2.6810812950134279,"y":5.1545634269714359,"z":1.7647409439086915},"rotation":{"x":-0.1885136514902115,"y":0.05006174370646477,"z":0.009622453711926937,"w":0.9807471036911011},"size":27.59339714050293,"orthographic":false}