{"cameraMode":{"drawMode":0,"name":"Shaded","section":"Shading Mode"},"sceneLighting":false,"audioPlay":false,"sceneViewState":{"showFog":true,"showMaterialUpdate":false,"showSkybox":false,"showFlares":true,"showImageEffects":true,"showParticleSystems":true},"in2DMode":false,"pivot":{"x":1.667248010635376,"y":2.2070000171661379,"z":-0.3238259553909302},"rotation":{"x":-0.014548958279192448,"y":0.9840713143348694,"z":-0.1490389108657837,"w":-0.09595204889774323},"size":1.8459364175796509,"orthographic":true}