{"cameraMode":{"drawMode":0,"name":"Shaded","section":"Shading Mode"},"sceneLighting":false,"audioPlay":false,"sceneViewState":{"showFog":true,"showMaterialUpdate":false,"showSkybox":false,"showFlares":true,"showImageEffects":true,"showParticleSystems":true},"in2DMode":false,"pivot":{"x":-0.17653271555900575,"y":1.9974119663238526,"z":0.660548210144043},"rotation":{"x":0.12429121136665344,"y":-0.17466798424720765,"z":0.022232044488191606,"w":0.9764991402626038},"size":33.787017822265628,"orthographic":false}