{"cameraMode":{"drawMode":0,"name":"Shaded","section":"Shading Mode"},"sceneLighting":true,"audioPlay":false,"sceneViewState":{"showFog":false,"showMaterialUpdate":false,"showSkybox":false,"showFlares":false,"showImageEffects":false,"showParticleSystems":false},"in2DMode":false,"pivot":{"x":-0.44999998807907107,"y":0.3700000047683716,"z":0.0},"rotation":{"x":-0.013183627277612687,"y":-0.7260103821754456,"z":-0.013944367878139019,"w":0.687454342842102},"size":1.8521205186843873,"orthographic":false}