{"cameraMode":{"drawMode":0,"name":"Shaded","section":"Shading Mode"},"sceneLighting":false,"audioPlay":false,"sceneViewState":{"showFog":false,"showMaterialUpdate":false,"showSkybox":false,"showFlares":false,"showImageEffects":false,"showParticleSystems":false},"in2DMode":false,"pivot":{"x":-0.053704261779785159,"y":2.17984676361084,"z":-0.09898030757904053},"rotation":{"x":-0.016054792329669,"y":-0.8961929082870483,"z":0.03255821391940117,"w":-0.4422169029712677},"size":10.178719520568848,"orthographic":false}